City_ID,City,Lat,Lng,Max Temp,Humidity,Cloudiness,Wind Speed,Country,Date
0,margaret river,-33.95,115.0667,8.6,88,8,3.12,AU,1731181338
1,kapa'a,22.0752,-159.319,26.18,90,75,6.17,US,1731180688
2,narsipatnam,17.6667,82.6167,21.87,86,4,1.5,IN,1731181340
3,ribeira grande,38.5167,-28.7,21.22,94,40,2.68,PT,1731181341
4,shalkar,47.8288,59.6258,1.38,78,59,9.02,KZ,1731181342
5,talnakh,69.4865,88.3972,-18.9,95,56,2.63,RU,1731180951
6,lorengau,-2.0226,147.2712,26.04,83,6,0.17,PG,1731181344
7,jamestown,42.097,-79.2353,11.68,36,0,1.79,US,1731180926
8,el molino,10.6523,-72.924,28.9,67,87,1.79,CO,1731181347
9,anadyr,64.75,177.4833,-4.72,92,75,2.0,RU,1731180824
10,smithers,54.7804,-127.1743,-0.82,93,20,1.54,CA,1731181349
11,tazovsky,67.4667,78.7,-7.79,94,100,9.67,RU,1731180912
12,mar del plata,-38.0023,-57.5575,26.01,41,0,7.72,AR,1731181314
13,waitangi,-43.9535,-176.5597,14.9,94,98,2.24,NZ,1731181352
14,villa mercedes,-33.6757,-65.4578,32.35,27,0,8.05,AR,1731181353
15,urengoy,65.9667,78.3667,-6.04,95,100,7.73,RU,1731181354
16,coari,-4.085,-63.1414,33.38,45,80,1.26,BR,1731181355
17,leava,-14.3,-178.1667,27.16,78,91,7.45,WF,1731181015
18,wailua homesteads,22.0669,-159.378,25.44,89,75,6.17,US,1731181357
19,edinburgh of the seven seas,-37.0676,-12.3116,14.18,90,100,6.09,SH,1731181358
20,beau vallon,-20.4189,57.6953,25.13,83,40,2.06,MU,1731181360
21,kismayo,-0.3582,42.5454,26.77,81,4,4.95,SO,1731181362
22,dubbo,-32.25,148.6167,15.07,55,95,3.6,AU,1731181363
23,kavaratti,10.5669,72.642,28.13,72,9,0.99,IN,1731181255
24,cidreira,-30.1811,-50.2056,20.25,59,0,4.18,BR,1731181365
25,tamanrasset,22.785,5.5228,18.95,16,0,3.09,DZ,1731181201
26,iqaluit,63.7506,-68.5145,-9.15,66,75,3.6,CA,1731181367
27,kribi,2.95,9.9167,25.59,85,100,2.23,CM,1731181368
28,stanley,54.868,-1.6985,7.93,95,75,0.0,GB,1731180975
29,loreto,22.2667,-101.9667,26.21,27,0,4.03,MX,1731181370
30,adamstown,-25.066,-130.1015,22.94,87,99,8.88,PN,1731180869
31,port-aux-francais,-49.35,70.2167,5.12,92,80,10.34,TF,1731180879
32,celestun,20.8667,-90.4,28.48,74,59,4.25,MX,1731181374
33,tromso,69.6496,18.957,5.01,75,75,4.63,NO,1731181375
34,albany,42.6001,-73.9662,10.32,39,0,1.79,US,1731180852
35,maracineni,45.2,26.8,4.47,68,14,6.02,RO,1731181377
36,longyearbyen,78.2186,15.6401,-3.09,63,75,6.17,SJ,1731180931
37,awjilah,29.1081,21.2869,17.64,48,0,2.99,LY,1731180899
38,badagara,11.6,75.5833,25.01,71,99,2.93,IN,1731181380
39,puerto natales,-51.7236,-72.4875,11.25,58,75,13.89,CL,1731180875
40,yellowknife,62.456,-114.3525,-12.55,86,75,2.57,CA,1731181383
41,st. john's,47.5649,-52.7093,6.1,90,75,5.66,CA,1731181240
42,sajir,25.1825,44.5996,23.04,29,3,6.79,SA,1731181386
43,turpan,42.9333,89.1667,8.98,55,18,1.72,CN,1731181387
44,bilibino,68.0546,166.4372,-22.72,98,100,0.34,RU,1731181388
45,port lincoln,-34.7333,135.8667,14.36,78,67,5.62,AU,1731181389
46,blackmans bay,-43.0167,147.3167,10.07,78,88,0.45,AU,1731180910
47,ixtapa,20.7,-105.2,30.13,62,20,3.09,MX,1731181391
48,domna,51.8971,113.1573,-8.91,67,5,2.0,RU,1731181392
49,kiunga,-6.1219,141.2906,21.89,99,100,0.74,PG,1731181393
50,thompson,55.7435,-97.8558,8.09,49,40,6.17,CA,1731181394
51,west island,-12.1568,96.8225,25.99,83,75,6.69,CC,1731180851
52,bikenibeu village,1.3673,173.1241,27.98,83,20,4.12,KI,1731181023
53,chipinge,-20.1883,32.6236,18.2,77,1,2.86,ZW,1731181399
54,saham,24.1722,56.8886,27.33,61,0,0.7,OM,1731181400
55,padang,-0.9492,100.3543,24.03,85,100,1.89,ID,1731181401
56,kalmunai,7.4167,81.8167,24.99,88,98,5.01,LK,1731181402
57,douentza,14.9951,-2.9517,27.72,17,3,3.01,ML,1731181403
58,santo antonio,-6.3106,-35.4789,27.2,61,28,6.95,BR,1731181404
59,san patricio,28.017,-97.5169,28.97,43,0,4.15,US,1731181405
60,nikolayevsk-on-amure,53.1406,140.73,-4.29,86,100,0.95,RU,1731181406
61,vilyuchinsk,52.9306,158.4028,-9.85,79,41,3.3,RU,1731181407
62,mount gambier,-37.8333,140.7667,8.29,93,6,1.03,AU,1731181005
63,aykhal,66.0,111.5,-14.58,93,100,7.35,RU,1731181409
64,ilulissat,69.2167,-51.1,-5.99,79,75,5.14,GL,1731180909
65,saldanha,-33.0117,17.9442,17.46,79,0,5.02,ZA,1731181412
66,hamilton,39.1834,-84.5333,17.17,52,0,3.6,US,1731180884
67,utrik,11.2278,169.8474,28.48,80,76,9.82,MH,1731181414
68,aasiaat,68.7098,-52.8699,-7.53,82,100,2.77,GL,1731180910
69,serdar,38.9764,56.2757,10.2,58,6,3.51,TM,1731181416
70,peace river,56.2501,-117.286,3.17,69,0,4.12,CA,1731181136
71,port elizabeth,-33.918,25.5701,16.84,91,0,1.54,ZA,1731181034
72,scottburgh,-30.2867,30.7532,18.94,93,100,3.16,ZA,1731181419
73,fort st. john,56.2499,-120.8529,1.94,60,20,4.12,CA,1731181420
74,tarawa,1.419,172.984,28.05,83,20,4.12,KI,1731181421
75,ormond-by-the-sea,29.3491,-81.0665,27.83,78,40,6.17,US,1731181423
76,saint-pierre,-21.3393,55.4781,23.82,73,0,1.03,RE,1731181424
77,palmas,-10.2128,-48.3603,29.93,66,75,3.6,BR,1731181258
78,rameswaram,9.2833,79.3,28.33,72,100,8.56,IN,1731181426
79,filadelfia,39.9523,-75.1638,14.66,29,20,2.57,US,1731181275
80,colonia,50.9333,6.95,9.98,87,100,2.57,DE,1731181166
81,invercargill,-46.4,168.35,8.9,90,100,0.89,NZ,1731180783
82,patterson,37.4716,-121.1297,20.53,27,81,1.95,US,1731181403
83,terrace,54.5163,-128.6035,3.95,93,75,1.54,CA,1731181431
84,kumeny,58.1089,49.9161,2.48,92,100,7.75,RU,1731181432
85,pisco,-13.7,-76.2167,21.03,64,0,5.14,PE,1731180866
86,vuktyl,63.8567,57.3094,-5.28,85,73,6.43,RU,1731181435
87,qaqortoq,60.7167,-46.0333,0.24,99,100,2.45,GL,1731181436
88,nemuro,43.3236,145.575,8.38,69,76,2.81,JP,1731181437
89,nova vicosa,-17.8919,-39.3719,26.78,79,67,5.84,BR,1731181240
90,kodiak,57.79,-152.4072,3.73,87,100,7.72,US,1731180647
91,port alfred,-33.5906,26.891,15.66,93,24,0.45,ZA,1731180992
92,puerto deseado,-47.7503,-65.8938,19.71,15,34,17.22,AR,1731181441
93,georgetown,5.4112,100.3354,27.96,78,20,2.57,MY,1731180620
94,sterling,39.0062,-77.4286,15.68,30,0,2.57,US,1731181429
95,codrington,-38.2667,141.9667,10.11,85,26,0.76,AU,1731181444
96,hilo,19.7297,-155.09,26.73,78,20,3.09,US,1731181447
97,la ronge,55.1001,-105.2842,7.14,53,40,4.63,CA,1731181448
98,alice springs,-23.7,133.8833,20.75,64,100,2.57,AU,1731181449
99,udachny,66.4167,112.4,-12.94,90,100,4.91,RU,1731180900
100,port mathurin,-19.6833,63.4167,24.29,88,35,7.23,MU,1731180867
101,armyansk,46.1092,33.6921,8.78,77,27,7.95,UA,1731181453
102,bethel,41.3712,-73.414,12.05,30,0,4.63,US,1731180887
103,axim,4.8699,-2.2405,25.93,85,72,3.13,GH,1731181456
104,trelissac,45.1977,0.7862,13.97,97,99,1.09,FR,1731181457
105,tobruk,32.0836,23.9764,18.44,65,40,2.15,LY,1731181458
106,khovd,48.0056,91.6419,-3.36,45,3,2.84,MN,1731181013
107,lormi,22.2833,81.7333,19.45,66,0,2.02,IN,1731181460
108,severo-yeniseyskiy,60.3725,93.0408,-9.89,86,100,5.94,RU,1731181461
109,avarua,-21.2078,-159.775,23.03,64,20,3.6,CK,1731181462
110,badger,64.8,-147.5333,-14.05,83,0,0.0,US,1731181463
111,loikaw,19.6742,97.2094,16.73,97,99,1.28,MM,1731181466
112,grytviken,-54.2811,-36.5092,-2.8,69,9,4.58,GS,1731180868
113,touros,-5.1989,-35.4608,26.26,74,20,6.46,BR,1731181468
114,laela,-8.5667,32.05,22.83,45,98,2.1,TZ,1731181469
115,fale old settlement,-9.3852,-171.2468,27.98,73,21,2.19,TK,1731181471
116,lionel town,17.8101,-77.2406,27.28,79,100,0.89,JM,1731181472
117,kamba,11.8486,3.6576,26.78,25,94,3.78,NG,1731181473
118,yendi,9.4427,-0.0099,28.06,37,97,1.47,GH,1731181474
119,petropavlovsk-kamchatsky,53.0452,158.6483,-10.67,67,75,4.0,RU,1731181049
120,ottumwa,41.02,-92.4113,10.3,92,100,6.69,US,1731181232
121,brookings,44.3114,-96.7984,8.4,97,100,8.23,US,1731181243
122,pacific grove,36.6177,-121.9166,20.36,64,0,3.09,US,1731181480
123,tiksi,71.6872,128.8694,-12.98,91,100,4.02,RU,1731180930
124,sisimiut,66.9395,-53.6735,-4.91,86,100,3.22,GL,1731181482
125,shihezi,44.3,86.0333,2.81,59,99,0.84,CN,1731181483
126,enewetak,11.3474,162.3373,28.37,78,37,6.54,MH,1731181372
127,san andres,12.5847,-81.7006,30.01,74,40,3.09,CO,1731181485
128,ambovombe,-25.1667,46.0833,23.12,84,52,0.81,MG,1731181486
129,rongelap,11.1635,166.8941,28.21,80,46,7.88,MH,1731181488
130,greymouth,-42.4667,171.2,13.48,87,26,0.19,NZ,1731181489
131,la ligua,-32.4524,-71.2311,23.74,41,0,4.19,CL,1731181490
132,poso,-1.3959,120.7524,24.74,86,8,1.76,ID,1731181491
133,hermanus,-34.4187,19.2345,17.11,80,52,6.81,ZA,1731180920
134,kyshtovka,56.555,76.6271,-3.8,92,100,9.25,RU,1731181494
135,punta arenas,-53.15,-70.9167,7.06,81,75,6.17,CL,1731181295
136,quellon,-43.1167,-73.6167,13.47,49,21,4.92,CL,1731181496
137,new norfolk,-42.7826,147.0587,9.84,60,98,2.61,AU,1731181497
138,papatowai,-46.5619,169.4708,11.93,59,97,0.73,NZ,1731181016
139,kuruman,-27.4524,23.4325,17.43,81,98,4.12,ZA,1731181500
140,idri,27.5,13.2667,19.41,38,0,3.3,LY,1731181501
141,sinabang,2.4803,96.3801,25.53,87,100,2.98,ID,1731181502
142,yuzhno-kurilsk,44.0306,145.8556,3.04,82,6,1.74,RU,1731181505
143,fortuna,40.5982,-124.1573,16.63,57,0,0.0,US,1731181506
144,jacmel,18.2342,-72.5347,26.92,82,100,3.15,HT,1731181378
145,cadale,2.7603,46.3222,26.66,83,2,4.16,SO,1731181509
146,kimbe,-5.5502,150.1429,24.44,92,73,1.83,PG,1731181510
147,demre,36.2537,29.9777,14.42,40,0,2.9,TR,1731181511
148,newman,37.3138,-121.0208,18.92,27,94,1.41,US,1731180929
149,evanston,42.0411,-87.6901,13.39,70,100,4.63,US,1731181513
150,nova sintra,14.8667,-24.7167,26.78,75,94,4.4,CV,1731181514
151,hadibu,12.65,54.0333,25.79,78,65,2.85,YE,1731181515
152,nuuk,64.1835,-51.7216,-1.66,80,100,5.14,GL,1731181492
153,prince george,53.9166,-122.753,-0.31,100,100,0.0,CA,1731181517
154,vila velha,-20.3297,-40.2925,22.97,96,75,6.71,BR,1731181420
155,talcahuano,-36.7167,-73.1167,15.82,77,100,4.12,CL,1731180671
156,college,64.8569,-147.8028,-14.01,78,75,0.0,US,1731181520
157,klyuchi,52.2667,79.1667,-2.83,51,100,9.7,RU,1731181522
158,sampit,-2.5333,112.95,23.51,98,100,0.47,ID,1731181523
159,uturoa,-16.7333,-151.4333,26.88,81,96,5.04,PF,1731180937
160,ust-nera,64.5667,143.2,-23.65,98,100,1.08,RU,1731181525
161,kingscliff,-28.2667,153.5667,21.89,94,100,1.54,AU,1731181526
162,saynshand,44.8824,110.1163,-0.44,32,0,3.17,MN,1731181527
163,lukolela,-1.0605,17.1821,20.77,98,100,1.49,CD,1731181528
164,hithadhoo,-0.6,73.0833,28.48,69,76,5.58,MV,1731181529
165,sittwe,20.15,92.9,24.22,80,1,2.84,MM,1731181530
166,iskateley,67.6803,53.1512,-3.45,77,97,6.73,RU,1731181532
167,isafjordur,66.0755,-23.124,4.56,91,100,2.98,IS,1731181533
168,praia da vitoria,38.7333,-27.0667,21.14,83,20,3.32,PT,1731181534
169,sebdou,34.637,-1.3314,16.98,63,100,3.56,DZ,1731181535
170,vorgashor,67.5833,63.95,-11.34,89,75,7.62,RU,1731181536
171,ushuaia,-54.8,-68.3,5.81,87,75,4.12,AR,1731181133
172,porbandar,21.6422,69.6093,27.28,61,6,4.0,IN,1731181497
173,prince albert,53.2001,-105.7677,8.97,61,75,5.14,CA,1731181539
174,las heras,-46.5419,-68.9359,16.3,18,2,17.88,AR,1731181540
175,kargil,34.5667,76.1,0.0,49,0,3.05,IN,1731181541
176,bredasdorp,-34.5322,20.0403,16.26,84,60,5.23,ZA,1731180979
177,vila franca do campo,37.7167,-25.4333,20.23,99,93,3.2,PT,1731181543
178,kialla,-36.4161,145.3954,9.84,47,82,2.06,AU,1731181545
179,puerto ayora,-0.7393,-90.3518,23.08,84,39,4.47,EC,1731181546
180,puerto yuca,2.9383,-73.2083,28.2,68,100,2.34,CO,1731181547
181,ko pha ngan,9.7578,100.0291,24.38,79,99,2.97,TH,1731181548
182,yigo village,13.5361,144.8886,25.97,92,20,2.57,GU,1731181549
183,murudeshwara,14.0943,74.4845,28.89,51,9,2.3,IN,1731181550
184,tindouf,27.6711,-8.1474,26.25,17,0,1.54,DZ,1731181551
185,sake,-1.5736,29.045,18.0,92,100,0.34,CD,1731181552
186,tanout,14.9709,8.8879,23.04,19,6,5.76,NE,1731181554
187,aur,8.1499,171.1687,28.68,76,100,10.34,MH,1731181556
188,prieska,-29.6641,22.7474,25.35,12,60,5.87,ZA,1731181557
189,az zubayr,30.3945,47.7011,19.92,42,0,3.09,IQ,1731181558
190,vernon,50.2581,-119.2691,7.18,85,100,2.06,CA,1731181559
191,papao,-17.75,-149.55,28.82,90,81,6.31,PF,1731181560
192,atafu village,-8.5421,-172.5159,27.89,71,81,2.12,TK,1731181009
193,banda aceh,5.5577,95.3222,26.97,75,100,2.67,ID,1731181562
194,masterton,-40.9597,175.6575,11.57,98,100,0.78,NZ,1731181501
195,enumclaw,47.2043,-121.9915,10.58,89,100,1.85,US,1731181564
196,qamdo,31.1667,97.2333,-1.82,57,0,2.16,CN,1731181565
197,island harbour,50.724,-1.2758,9.04,66,94,2.3,GB,1731181566
198,paracuru,-3.41,-39.0306,26.88,72,12,5.79,BR,1731181567
199,zhangzhou,24.5133,117.6556,19.6,94,31,0.55,CN,1731181568
200,jiuquan,39.7432,98.5174,4.23,60,51,1.67,CN,1731181570
201,cabo san lucas,22.8909,-109.9124,27.64,50,0,3.6,MX,1731181472
202,horta,38.5333,-28.6333,20.8,95,40,2.57,PT,1731181572
203,shush,32.1942,48.2436,25.19,27,100,3.21,IR,1731181573
204,la tuque,47.4334,-72.7824,5.14,30,3,4.63,CA,1731181574
205,price,39.5994,-110.8107,10.59,34,0,1.54,US,1731181575
206,xichang,27.8964,102.2634,9.75,90,0,0.56,CN,1731181576
207,nagqu,31.5,92.0,-2.92,45,0,0.94,CN,1731181577
208,fort mcmurray,56.7268,-111.381,5.77,60,100,4.12,CA,1731181578
209,dunedin,-45.8742,170.5036,12.11,73,100,1.79,NZ,1731181452
210,chinde,26.8212,87.7095,19.86,79,19,1.91,NP,1731181581
211,gornozavodsk,58.3758,58.3211,1.08,97,100,5.66,RU,1731181582
212,aksuat,48.7167,83.7,-3.72,96,100,2.96,KZ,1731181583
213,flying fish cove,-10.4217,105.6791,25.82,94,100,4.63,CX,1731181019
214,muisne,0.6,-80.0333,25.05,76,98,5.41,EC,1731181585
215,coquimbo,-29.9533,-71.3436,19.99,57,75,4.63,CL,1731181586
216,san antonio de pale,-1.4014,5.6325,26.26,82,66,6.23,GQ,1731181036
217,comrat,46.3003,28.6572,6.62,72,88,5.14,MD,1731181588
218,puerto santa,-8.9906,-78.6456,20.23,78,40,4.92,PE,1731181589
219,port saint john's,-31.6229,29.5448,18.97,87,100,2.6,ZA,1731181590
220,portland,45.5234,-122.6762,11.46,71,75,3.09,US,1731181310
221,cooper's town,26.8667,-77.5167,24.83,79,61,6.98,BS,1731181594
222,diego de almagro,-26.3667,-70.05,24.66,32,0,6.02,CL,1731181595
223,alotau,-10.3069,150.4462,24.17,94,100,1.5,PG,1731181597
224,tacuarembo,-31.7333,-55.9833,23.35,56,0,3.86,UY,1731181598
225,nanakuli,21.3906,-158.1547,25.57,88,100,4.12,US,1731181599
226,tura,25.5198,90.2201,19.2,84,0,1.69,IN,1731181600
227,dampit,-8.2116,112.7493,22.14,92,100,1.1,ID,1731181602
228,tabou,4.423,-7.3528,25.52,86,100,3.18,CI,1731181603
229,selfoss,63.9331,-20.9971,9.47,97,100,3.48,IS,1731181604
230,alofi,-19.0595,-169.9187,25.94,65,75,7.2,NU,1731181605
231,hawaiian paradise park,19.5933,-154.9731,26.61,83,20,3.09,US,1731181607
232,chonchi,-42.6128,-73.8092,15.62,48,11,3.53,CL,1731181045
233,labytnangi,66.6572,66.4183,-11.47,84,92,4.67,RU,1731181609
234,brisas de zicatela,15.8369,-97.0419,30.29,74,40,2.57,MX,1731181610
235,harstad,68.799,16.5293,3.12,88,15,5.36,NO,1731181479
236,nadym,65.5333,72.5167,-7.31,95,100,7.19,RU,1731181612
237,piggs peak,-25.9667,31.25,22.94,61,100,1.02,SZ,1731181613
238,puerto baquerizo moreno,-0.9,-89.6,26.55,69,75,5.14,EC,1731181614
239,chardara,41.2547,67.9692,9.37,62,1,2.63,KZ,1731181529
240,lauro de freitas,-12.8944,-38.3272,28.01,69,20,10.29,BR,1731181507
241,satara,17.6833,73.9833,18.92,54,0,1.49,IN,1731181617
242,kerema,-7.9631,145.7785,25.7,89,100,1.67,PG,1731181618
243,an nuhud,12.7,28.4333,25.93,19,1,5.87,SD,1731181620
244,aberdeen,57.1437,-2.0981,8.27,100,100,4.63,GB,1731181621
245,ajaccio,42.0,8.9167,13.17,94,100,3.09,FR,1731181622
246,stephenville,32.2207,-98.2023,22.07,31,0,1.54,US,1731181623
247,seguela,7.9611,-6.6731,24.75,59,100,1.27,CI,1731181624
248,colares,38.7992,-9.4469,16.61,79,0,5.14,PT,1731181625
249,bodaybo,57.8506,114.1933,-10.48,95,100,1.69,RU,1731181626
250,dudinka,69.4058,86.1778,-16.92,91,75,3.78,RU,1731181627
251,laurel,39.0993,-76.8483,15.96,31,0,2.06,US,1731181630
252,sakaiminato,35.55,133.2333,8.99,100,75,0.51,JP,1731181632
253,ad dabbah,18.05,30.95,24.67,20,3,5.25,SD,1731181633
254,gazojak,41.1875,61.4036,6.18,49,0,1.39,TM,1731181634
255,lihue,21.9789,-159.3672,25.77,89,75,6.17,US,1731181635
256,egilsstadir,65.2653,-14.3948,9.95,71,75,6.17,IS,1731181636
257,north bend,43.4065,-124.2243,15.09,76,0,3.09,US,1731181637
258,zaragoza,41.6561,-0.8773,14.45,59,0,5.66,ES,1731181509
259,yeed,4.55,43.0333,29.86,48,36,1.88,SO,1731181639
260,sitka,57.0531,-135.33,6.94,70,75,4.12,US,1731181640
261,kruisfontein,-34.0033,24.7314,16.45,72,100,2.86,ZA,1731181641
262,keflavik,64.0049,-22.5624,7.24,100,100,4.63,IS,1731181642
263,laguna,38.421,-121.4238,20.06,40,43,0.45,US,1731181644
264,tshabong,-26.05,22.45,24.09,59,64,6.9,BW,1731181645
265,hell-ville,-13.4,48.2667,26.81,76,51,1.88,MG,1731181646
266,itaguacu,-19.8019,-40.8556,23.67,94,100,1.22,BR,1731181647
267,zarinsk,53.7074,84.9493,-4.4,56,74,7.49,RU,1731181648
268,batticaloa,7.7102,81.6924,25.53,85,100,4.36,LK,1731181649
269,tonj,7.2737,28.6822,27.99,44,92,1.25,SS,1731181650
270,phichit,16.25,100.4167,22.6,91,5,1.76,TH,1731181651
271,bubaque,11.2833,-15.8333,28.73,67,1,4.02,GW,1731181652
272,charters towers,-20.1,146.2667,20.88,91,0,3.57,AU,1731181653
273,igrim,63.1906,64.4162,-9.9,91,23,2.63,RU,1731181654
274,salinas,36.6777,-121.6555,20.59,28,0,3.09,US,1731181656
275,tolanaro,-25.0319,46.9987,25.04,83,20,9.77,MG,1731181657
276,witu,-2.3889,40.4382,25.78,86,25,3.98,KE,1731181658
277,tepatitlan de morelos,20.8167,-102.7333,27.82,34,0,2.71,MX,1731181659
278,sola,-13.8833,167.55,26.79,76,34,8.01,VU,1731181660
279,greenville,35.6127,-77.3663,18.97,42,0,3.6,US,1731181417
280,uyuni,-20.4597,-66.825,19.09,23,81,6.17,BO,1731181662
281,ussel,45.55,2.3167,10.9,93,99,0.47,FR,1731181663
282,nurota,40.5614,65.6886,6.24,74,6,1.8,UZ,1731181665
283,bani walid,31.7566,13.9942,19.33,63,0,2.98,LY,1731181666
284,mahina,-17.5065,-149.489,28.87,74,20,4.12,PF,1731181667
285,kamina,-8.7386,24.9906,19.16,97,100,2.06,CD,1731181668
286,tralee,52.2704,-9.7026,12.52,92,100,2.21,IE,1731181669
287,muncar,-8.4333,114.3333,24.2,92,97,0.89,ID,1731181670
288,darwin,-12.4611,130.8418,24.99,88,50,1.54,AU,1731181672
289,dhone,15.4167,77.8833,23.22,73,100,2.52,IN,1731181673
290,saint-philippe,-21.3585,55.7679,23.78,88,43,3.83,RE,1731181674
291,belvedere marittimo,39.6179,15.8617,16.4,57,53,3.49,IT,1731181676
292,kuandian,40.7286,124.7847,7.75,74,100,1.04,CN,1731181677
293,nassau,40.7507,-73.5829,13.32,30,0,5.14,US,1731181678
294,strezhevoy,60.7333,77.5889,-5.51,90,100,8.69,RU,1731181679
295,gerash,27.6652,54.1371,17.08,37,0,0.89,IR,1731181680
296,polyarnyy,69.1989,33.4478,2.69,77,100,11.54,RU,1731181681
297,el calafate,-50.3408,-72.2768,10.78,55,74,7.49,AR,1731181682
298,mukalla,14.5425,49.1242,26.32,63,16,1.21,YE,1731181683
299,barreirinhas,-2.7469,-42.8264,28.28,66,13,5.61,BR,1731181685
300,worland,44.0169,-107.9554,9.38,51,0,0.0,US,1731181681
301,olonkinbyen,70.9221,-8.7187,1.08,100,100,6.61,SJ,1731181687
302,suva,-18.1416,178.4415,22.71,100,20,1.54,FJ,1731181688
303,bakaly,55.1789,53.8028,1.84,97,100,7.7,RU,1731181689
304,shimoda,34.6667,138.95,15.0,80,100,6.82,JP,1731181690
305,ketchikan,55.3422,-131.6461,6.99,87,100,5.14,US,1731181691
306,la passe,45.5549,-0.8967,14.88,92,43,0.58,FR,1731181175
307,jaisalmer,26.9147,70.9181,27.31,22,0,3.88,IN,1731181693
308,okhotsk,59.3833,143.3,-14.03,74,31,3.75,RU,1731181694
309,kralendijk,12.15,-68.2667,31.99,66,40,1.03,BQ,1731181696
310,dhanera,24.5167,72.0167,24.41,43,0,0.86,IN,1731181697
311,mili,6.0815,171.735,27.75,81,100,7.46,MH,1731181698
312,khodzha-maston,38.7446,68.627,2.68,58,4,1.49,TJ,1731181699
313,gao,16.6362,1.637,24.96,13,19,5.26,ML,1731181700
314,freetown,8.484,-13.2299,26.77,68,19,2.5,SL,1731181701
315,aitape,-3.1374,142.3475,25.08,90,79,1.73,PG,1731181702
316,kuanda,56.3161,116.0806,-15.28,95,95,0.39,RU,1731181703
317,senanga,-16.1167,23.2667,26.91,39,93,2.11,ZM,1731181705
318,ghat,24.9647,10.1728,19.53,33,0,2.93,LY,1731181706
319,touba,8.2833,-7.6833,23.88,59,41,1.07,CI,1731181707
320,paita,-5.0892,-81.1144,20.56,76,79,6.78,PE,1731181708
321,inhambane,-23.865,35.3833,23.99,88,20,3.6,MZ,1731181709
322,saryozek,44.3583,77.9753,1.51,100,100,2.83,KZ,1731181710
323,barranca,-10.75,-77.7667,20.74,71,72,4.65,PE,1731181711
324,agat village,13.3886,144.6585,26.87,91,20,2.57,GU,1731181712
325,umba,66.6871,34.3429,1.49,72,19,7.84,RU,1731181713
326,antsiranana,-12.2787,49.2917,24.56,82,0,4.68,MG,1731181714
327,port alberni,49.2413,-124.8028,11.6,91,99,0.89,CA,1731181715
328,sechura,-5.5569,-80.8222,22.83,64,76,7.58,PE,1731181717
329,mohr,54.3528,9.7167,5.05,90,99,2.57,DE,1731181718
330,namibe,-15.1961,12.1522,21.77,68,98,6.37,AO,1731181719
331,sanming,26.2486,117.6186,17.52,95,75,0.81,CN,1731181720
332,susuman,62.7833,148.1667,-37.42,100,95,0.33,RU,1731181724
333,biltine,14.5333,20.9167,25.5,18,25,4.05,TD,1731181725
334,kourou,5.1552,-52.6478,28.9,72,4,4.27,GF,1731181726
335,velikiye luki,56.34,30.5452,6.15,84,100,2.63,RU,1731181727
336,tanabe,33.7333,135.3667,15.16,80,100,1.7,JP,1731181728
337,istgah-e rah ahan-e garmsar,35.2346,52.3094,14.94,33,55,0.96,IR,1731181729
338,semnan,35.5729,53.3971,12.22,44,3,0.74,IR,1731181730
339,taibet,33.0829,6.3998,20.88,44,0,1.04,DZ,1731181731
340,hasaki,35.7333,140.8333,17.56,64,100,5.67,JP,1731181732
341,cody,44.5263,-109.0565,16.99,29,0,3.6,US,1731181733
342,laojunmiao,39.8333,97.7333,3.46,50,51,2.12,CN,1731181734
343,hammerfest,70.6634,23.6821,4.25,81,75,3.09,NO,1731181171
344,barcelos,41.5388,-8.6151,14.29,88,62,1.55,PT,1731181737
345,kudymkar,59.0173,54.656,1.75,93,100,6.42,RU,1731181738
346,kangding,30.0513,101.9603,7.08,69,26,1.88,CN,1731181739
347,umm kaddadah,13.6017,26.6876,26.3,18,1,6.09,SD,1731181740
348,salekhard,66.53,66.6019,-9.85,81,97,5.71,RU,1731181686
349,spring creek,40.7266,-115.5859,11.01,37,11,0.45,US,1731181742
350,tadine,-21.55,167.8833,23.28,68,13,3.92,NC,1731181743
351,sao gabriel,-30.3364,-54.32,24.19,54,0,3.47,BR,1731181744
352,novodvinsk,64.4165,40.8122,3.86,96,100,6.79,RU,1731181249
353,vilyuysk,63.7553,121.6247,-9.07,95,100,2.91,RU,1731181747
354,camocim,-2.9022,-40.8411,28.49,67,57,10.24,BR,1731181748
355,northam,51.0333,-4.2167,10.9,92,100,2.33,GB,1731181749
356,nueil-les-aubiers,46.9377,-0.5887,12.72,91,83,1.58,FR,1731181750
357,aldan,58.6031,125.3894,-14.09,98,99,1.39,RU,1731181751
358,burang,30.25,81.1667,0.82,86,34,1.59,CN,1731181752
359,santiago de cao,-7.9589,-79.2392,19.07,77,40,3.6,PE,1731181262
360,ghormach,35.7306,63.7826,9.23,53,50,4.23,AF,1731181754
361,sur,22.5667,59.5289,26.91,64,0,1.31,OM,1731181757
362,launceston,-41.45,147.1667,8.8,93,0,5.14,AU,1731181758
363,tanjung selor,2.8372,117.3642,23.51,99,39,0.68,ID,1731181759
364,siguiri,11.6667,-9.5,26.07,35,0,1.34,GN,1731181760
365,puerto lempira,15.2667,-83.7667,31.08,66,40,4.12,HN,1731181761
366,winnemucca,40.973,-117.7357,10.03,32,0,1.54,US,1731181762
367,grand gaube,-20.0064,57.6608,25.21,85,4,0.45,MU,1731181763
368,poronaysk,49.2167,143.1167,-1.26,77,14,1.47,RU,1731181764
369,omurtag,43.1,26.4167,3.41,67,100,3.53,BG,1731181765
370,palapag,12.5458,125.1147,25.46,94,100,2.96,PH,1731181766
371,vytegra,61.0064,36.4481,3.77,79,14,5.86,RU,1731181767
372,lazaro cardenas,17.9583,-102.2,29.8,63,20,3.79,MX,1731181185
373,peniche,39.3558,-9.3811,16.23,90,7,6.32,PT,1731181770
374,gaspe,48.8334,-64.4819,1.12,60,75,6.69,CA,1731181771
375,tokar,18.4254,37.729,29.57,71,16,5.88,SD,1731181772
376,jose pedro varela,-33.45,-54.5333,22.82,49,0,1.38,UY,1731181773
377,holualoa,19.6228,-155.9522,26.42,74,20,3.09,US,1731181774
378,kapuskasing,49.4169,-82.4331,8.05,53,20,9.77,CA,1731181775
379,si sa ket,14.8333,104.3333,20.06,76,85,2.39,TH,1731181776
380,kudahuvadhoo,2.6708,72.8944,27.94,76,95,5.04,MV,1731181777
381,sao felix do xingu,-6.6447,-51.995,33.09,46,100,2.54,BR,1731181778
382,urangan,-25.3,152.9,24.49,77,100,3.17,AU,1731181780
383,kiama,-34.6833,150.8667,17.99,88,100,1.37,AU,1731181781
384,luau,-10.7073,22.2247,19.69,92,100,1.68,AO,1731181782
385,kurumkan,54.3,110.3,-9.25,87,64,1.38,RU,1731181783
386,wenshui,28.4506,106.5267,13.16,91,100,0.83,CN,1731181784
387,nephi,39.7102,-111.8363,9.42,38,2,1.5,US,1731181785
388,malvan,16.0667,73.4667,25.87,58,100,2.63,IN,1731181786
389,nueva concepcion,14.2,-91.3,29.87,70,100,3.01,GT,1731181787
390,letterkenny,54.95,-7.7333,10.67,92,100,3.55,IE,1731181788
391,margate,51.3813,1.3862,8.16,87,100,2.39,GB,1731181790
392,la romana,18.4273,-68.9728,29.2,94,75,0.0,DO,1731181791
393,tomatlan,19.9333,-105.25,31.48,53,15,3.35,MX,1731181792
394,granby,45.4001,-72.7324,7.25,35,0,2.06,CA,1731181793
395,nar'yan-mar,67.6713,53.087,-3.57,77,94,6.49,RU,1731181794
396,brownwood,31.7093,-98.9912,20.54,41,0,0.61,US,1731181662
397,jiazi,22.8779,116.067,22.55,85,100,8.23,CN,1731181796
398,weno,7.4515,151.8468,28.97,74,75,1.54,FM,1731181797
399,ulladulla,-35.35,150.4667,17.9,63,99,5.01,AU,1731181798
400,darnah,32.767,22.6367,18.72,63,100,7.79,LY,1731181799
401,haiku-pauwela,20.9219,-156.3051,25.65,78,40,8.75,US,1731181254
402,whitehorse,60.7161,-135.0538,-0.57,80,75,6.17,CA,1731181802
403,boise,43.6135,-116.2035,11.19,50,92,0.45,US,1731181582
404,cobija,-11.0267,-68.7692,26.1,94,75,4.12,BO,1731181804
405,rio grande,-32.035,-52.0986,19.54,58,0,4.63,BR,1731181805
406,al jawf,29.5,38.75,19.25,58,98,6.39,SA,1731181245
407,grand falls-windsor,48.9332,-55.6649,0.78,80,100,8.27,CA,1731181682
408,san luis de la loma,17.2706,-100.8939,29.84,67,94,3.05,MX,1731181808
409,eureka,40.8021,-124.1637,16.78,58,100,0.45,US,1731181809
410,yantai,37.5333,121.4,13.52,67,100,2.86,CN,1731181740
411,usogorsk,63.4106,48.6872,-1.54,88,97,4.28,RU,1731181811
412,crane,31.3974,-102.3501,20.79,17,0,3.12,US,1731181813
413,el nido,11.1858,119.3956,25.64,97,7,0.17,PH,1731181814
414,battambang,13.1027,103.1982,24.14,77,100,0.77,KH,1731181815
415,acarau,-2.8856,-40.12,27.1,72,39,8.55,BR,1731181816
416,turkmenabat,39.0733,63.5786,4.99,87,0,1.03,TM,1731181817
417,el granada,37.5027,-122.4694,19.13,83,0,3.6,US,1731181818
418,mount pearl,47.5166,-52.7813,5.08,92,75,5.66,CA,1731181819
419,ceeldheer,3.8488,47.1806,26.48,82,71,4.5,SO,1731181820
420,enoch,37.7733,-113.0244,12.49,36,0,0.45,US,1731181822
421,kashgar,39.4547,75.9797,10.56,29,20,4.0,CN,1731181823
422,choibalsan,48.0667,114.5,-5.24,81,1,3.97,MN,1731181824
423,karratha,-20.7377,116.8463,27.72,27,75,4.11,AU,1731181827
424,kill devil hills,36.0307,-75.676,15.55,60,0,6.69,US,1731181828
425,aswan,24.0934,32.907,25.61,29,0,2.06,EG,1731181669
426,happy valley-goose bay,53.3168,-60.3315,1.17,51,75,5.66,CA,1731181830
427,rabigh,22.7986,39.0349,28.59,64,5,2.66,SA,1731181831
428,antalaha,-14.9003,50.2788,22.13,81,4,2.51,MG,1731181832
429,miramar beach,30.3744,-86.3586,28.12,77,75,4.63,US,1731181726
430,krusevac,43.58,21.3339,4.43,57,70,0.56,RS,1731181834
431,marondera,-18.1853,31.5519,20.0,47,81,3.86,ZW,1731181835
432,bonthe,7.5264,-12.505,26.57,81,27,2.62,SL,1731181836
433,puerto armuelles,8.2833,-82.8667,23.94,92,100,1.79,PA,1731181545
434,khorixas,-20.3667,14.9667,20.64,36,1,4.37,NA,1731181839
435,kushuhum,47.7144,35.2092,6.26,69,29,2.71,UA,1731181840
436,bria,6.5423,21.9863,21.9,80,100,0.22,CF,1731181841
437,rabaul,-4.1967,152.1721,26.78,80,100,2.91,PG,1731181842
438,kasongo-lunda,-6.4667,16.8167,20.82,99,100,0.62,CD,1731181843
439,olyokminsk,60.3736,120.4264,-16.06,98,66,1.61,RU,1731181844
440,borovichi,58.3878,33.9155,6.11,80,100,3.69,RU,1731181845
441,arenapolis,-14.4503,-56.8461,26.42,73,100,2.26,BR,1731181846
442,temryuk,45.2722,37.3811,7.45,73,100,5.05,RU,1731181849
443,klaksvik,62.2266,-6.589,9.36,97,96,8.49,FO,1731181850
444,wajir,1.7471,40.0573,30.69,41,88,3.7,KE,1731181851
445,kingston,17.997,-76.7936,28.53,84,75,2.06,JM,1731181831
446,lensk,60.7253,114.9278,-7.03,92,100,4.45,RU,1731181853
447,pechora,65.1472,57.2244,-7.34,90,87,5.5,RU,1731181854
448,floresville,29.1336,-98.1561,28.26,26,5,3.78,US,1731181742
449,santa rita do passa quatro,-21.7103,-47.4781,23.62,79,37,2.92,BR,1731181856
450,kpandu,6.9954,0.2931,27.07,65,100,2.62,GH,1731181857
451,diawara,15.022,-12.5437,30.57,14,0,2.55,SN,1731181858
452,belmonte,-15.8631,-38.8828,26.19,83,46,5.59,BR,1731181859
453,walvis bay,-22.9575,14.5053,16.53,77,10,2.57,NA,1731181860
454,guerrero negro,27.9769,-114.0611,23.85,24,0,3.21,MX,1731181862
455,kayangel,8.0823,134.7173,28.95,72,54,3.53,PW,1731181863
456,arraial do cabo,-22.9661,-42.0278,21.98,94,75,7.2,BR,1731181703
457,pangody,65.85,74.4859,-5.43,96,100,3.09,RU,1731181865
458,queenstown,-31.8976,26.8753,14.02,86,100,2.64,ZA,1731181866
459,remire-montjoly,4.9167,-52.2667,32.02,66,20,6.69,GF,1731181867
460,jayapura,-2.5333,140.7,23.66,94,100,1.79,ID,1731181868
461,saipan,15.1355,145.701,27.03,89,100,2.68,MP,1731181869
462,zavodskoy,43.4597,132.2922,5.77,93,100,2.0,RU,1731181870
463,constitucion,-35.3333,-72.4167,18.08,71,99,7.42,CL,1731181638
464,abepura,-2.6333,140.5833,23.45,100,20,1.03,ID,1731181873
465,mount isa,-20.7333,139.5,27.87,44,99,3.6,AU,1731181874
466,norton shores,43.1689,-86.2639,13.01,63,75,4.63,US,1731181875
467,labuan bajo,-8.4964,119.8877,26.25,84,85,1.42,ID,1731181876
468,carnarvon,-24.8667,113.6333,19.85,78,9,10.33,AU,1731181877
469,yarmouth,41.7057,-70.2286,10.61,45,0,8.94,US,1731181879
470,arno,60.1167,18.6333,4.53,94,0,1.55,SE,1731181880
471,booue,-0.0921,11.9385,22.17,99,100,0.96,GA,1731181882
472,sandnessjoen,66.0217,12.6316,7.9,71,35,4.76,NO,1731181883
473,coahuayana de hidalgo,18.7,-103.6583,31.56,55,1,3.21,MX,1731181884
474,ivankiv,50.9386,29.8943,2.42,85,25,0.85,UA,1731181885
475,constantia,44.1833,28.65,5.39,86,85,7.93,RO,1731181886
476,adler,43.43,39.92,8.09,81,0,3.0,RU,1731181887
477,ta`u,-14.2336,-169.5144,26.95,82,97,9.37,AS,1731181888
478,gewane,10.1664,40.6453,27.54,45,0,5.88,ET,1731181890
479,black river,18.0264,-77.8487,27.42,78,92,1.49,JM,1731181891
480,meadow lakes,61.6247,-149.6011,2.33,62,20,5.66,US,1731181892
481,qaisumah,28.3112,46.1273,20.98,35,0,3.09,SA,1731181893
482,richards bay,-28.783,32.0377,20.67,89,100,6.87,ZA,1731181894
483,broken hill,-31.95,141.4333,15.15,50,92,4.92,AU,1731181895
484,ivins,37.1686,-113.6794,13.97,26,0,1.34,US,1731181760
485,moyynkum,44.2914,72.9469,4.76,86,83,2.64,KZ,1731181898
486,arteche,12.2645,125.4048,25.83,92,100,3.47,PH,1731181899
487,isheyevka,54.4167,48.2667,4.32,89,100,7.32,RU,1731181900
488,fyodorovka,53.6314,62.7078,0.56,97,100,9.37,KZ,1731181902
489,saint-joseph,-21.3667,55.6167,23.21,86,25,3.55,RE,1731181903
490,tutoia,-2.7619,-42.2744,27.15,78,26,6.41,BR,1731181904
491,chandbali,20.7833,86.7667,22.58,76,0,2.67,IN,1731181905
492,bukittinggi,-0.3091,100.3706,19.08,96,100,0.49,ID,1731181906
493,zouerate,22.7187,-12.4521,26.92,12,35,3.23,MR,1731181907
494,hultsfred,57.4882,15.8436,6.98,78,100,2.28,SE,1731181908
495,rethymno,35.3647,24.4714,15.65,69,100,3.13,GR,1731181909
496,val-de-reuil,49.2738,1.2102,10.81,100,100,1.54,FR,1731181910
497,cestos city,5.46,-9.5828,26.46,82,100,3.84,LR,1731181911
498,caibarien,22.5206,-79.4669,26.85,75,31,7.48,CU,1731181912
499,urucuca,-14.5931,-39.2844,26.35,77,50,2.65,BR,1731181914
500,fortaleza,-3.7227,-38.5247,29.07,65,20,7.2,BR,1731181744
501,westport,41.1415,-73.3579,12.86,26,0,5.66,US,1731181897
502,biloela,-24.4167,150.5,21.98,85,71,1.65,AU,1731181918
503,hobyo,5.3505,48.5268,26.93,77,11,5.7,SO,1731181919
504,mazagao,-0.115,-51.2894,32.6,42,100,3.49,BR,1731181920
505,purpe,64.4803,76.6897,-5.92,95,100,10.22,RU,1731181921
506,armacao de buzios,-22.7469,-41.8817,22.09,85,100,6.43,BR,1731181922
507,saint-leu,-21.15,55.2833,23.48,93,32,1.89,RE,1731181924
508,chernyshevskiy,63.0128,112.4714,-9.43,90,100,4.86,RU,1731181925
509,mpongwe,-13.5091,28.155,23.08,59,96,2.6,ZM,1731181926
510,imbituba,-28.24,-48.6703,20.19,59,29,5.31,BR,1731181927
511,odda,60.0691,6.5457,3.63,83,10,1.26,NO,1731181928
512,igarka,67.4667,86.5833,-11.53,88,100,6.47,RU,1731181929
513,novyy urengoy,66.0833,76.6333,-6.19,95,100,7.42,RU,1731181930
514,abalak,58.1286,68.5944,1.65,98,100,4.82,RU,1731181931
515,geraldton,-28.7667,114.6,13.23,82,0,4.63,AU,1731181932
516,omaruru,-21.4333,15.9333,22.38,37,11,2.45,NA,1731181933
517,pimenta bueno,-11.6725,-61.1936,31.04,55,80,1.77,BR,1731181934
518,mpika,-11.8343,31.4529,21.86,53,38,4.33,ZM,1731181935
519,vanimo,-2.6741,141.3028,25.32,87,35,0.98,PG,1731181937
520,kailua-kona,19.6406,-155.9956,28.49,73,20,3.09,US,1731181939
521,korla,41.7597,86.1469,7.35,63,12,0.36,CN,1731181941
522,ribas do rio pardo,-20.4431,-53.7592,31.62,38,15,2.75,BR,1731181942
523,champerico,14.3,-91.9167,28.78,73,59,2.85,GT,1731181943
524,flekkefjord,58.2971,6.6607,5.84,85,100,4.32,NO,1731181945
525,huarmey,-10.0681,-78.1522,21.81,73,43,4.53,PE,1731181946
526,patnos,39.2336,42.8634,2.35,42,10,0.71,TR,1731181947
527,pundong,-7.9522,110.3486,25.58,90,99,0.53,ID,1731181948
528,krasnyy yar,46.5331,48.3456,8.08,82,100,2.25,RU,1731181950
529,gadzhiyevo,69.2551,33.3362,2.79,76,100,11.57,RU,1731181951
530,kirakira,-10.4544,161.9205,27.18,85,63,3.27,SB,1731181952
531,kalkaman,51.9525,76.0211,-2.61,75,100,12.51,KZ,1731181953
532,cyangugu,-2.4846,28.9075,16.99,92,100,0.09,RW,1731181954
533,zaltan,32.947,11.8665,20.92,71,0,3.06,LY,1731181956
534,eloy,32.7559,-111.5548,21.34,26,0,1.18,US,1731181957
535,tokmok,42.8417,75.3016,2.17,78,64,1.0,KG,1731181958
536,dem'yanovo,60.3511,47.0842,2.36,87,100,6.71,RU,1731181959
537,tsiombe,-25.3,45.4833,22.7,87,13,0.84,MG,1731181960
538,churapcha,62.0025,132.4325,-17.84,99,94,1.1,RU,1731181961
539,khamis mushait,18.3064,42.7292,18.58,32,0,5.66,SA,1731181962
540,waingapu,-9.6567,120.2641,26.92,82,25,1.99,ID,1731181963
541,whakatane,-37.9585,176.9854,19.17,87,100,0.29,NZ,1731181964
542,taoudenni,22.6783,-3.9836,26.68,16,99,4.9,ML,1731181965
543,maudaha,25.6833,80.1167,23.41,48,0,1.48,IN,1731181966
544,edd,13.9297,41.6925,30.69,52,0,9.78,ER,1731181967
545,fort bragg,35.139,-79.006,21.01,39,0,5.14,US,1731181969
546,kabala,9.5833,-11.55,22.9,62,2,1.47,SL,1731181970
547,east london,-33.0153,27.9116,18.11,81,27,2.95,ZA,1731181971
548,sabratah,32.7933,12.4885,21.28,66,0,1.49,LY,1731181972
549,princeville,45.7668,-61.2985,3.06,76,100,9.26,CA,1731181973
550,dabhol,17.6,73.1667,24.14,60,0,2.38,IN,1731181974
551,toyokawa,34.8167,137.4,14.41,50,100,0.45,JP,1731181975
552,turkmenbasy,40.0222,52.9552,11.43,58,0,2.06,TM,1731181976
553,malabar,-33.9667,151.25,20.63,82,75,2.06,AU,1731181977
554,caleta de carquin,-11.0925,-77.6267,21.04,73,80,4.67,PE,1731181978
555,chupaca,-12.0667,-75.2833,12.09,69,100,1.23,PE,1731181979
556,kokpekty,48.75,82.4,-3.43,96,100,3.34,KZ,1731181981
557,tazacorte,28.629,-17.9293,26.75,31,20,4.02,ES,1731181982
558,mejit,10.2753,170.8646,28.56,77,99,10.03,MH,1731181983
559,araripina,-7.5761,-40.4983,32.45,30,89,3.51,BR,1731181984
560,cascais,38.6979,-9.4215,16.53,78,0,5.14,PT,1731181862
561,san pedro pochutla,15.7333,-96.4667,31.84,70,94,2.74,MX,1731181986
562,nosy varika,-20.5833,48.5333,22.99,82,0,3.24,MG,1731181987
563,corbelia,-24.7989,-53.3067,28.64,40,20,0.57,BR,1731181988
564,imeni morozova,59.9757,31.0376,3.35,96,8,2.61,RU,1731181990
565,plouzane,48.3833,-4.6167,13.03,94,100,2.06,FR,1731181991
566,chimore,-16.9833,-65.1333,35.39,36,39,0.59,BO,1731181993
567,eagle point,42.4726,-122.8028,15.11,54,85,1.05,US,1731181695
568,trairi,-3.2778,-39.2689,26.72,72,21,5.72,BR,1731181828
569,helena valley west central,46.6629,-112.0604,12.3,70,0,0.0,US,1731181996
570,sarmiento,-45.5882,-69.07,16.15,21,10,16.83,AR,1731181997
571,palikir - national government center,6.9248,158.1611,28.49,76,62,7.3,FM,1731181998
572,achinsk,56.2694,90.4993,-3.51,65,95,6.35,RU,1731181999
573,isna,25.2934,32.554,22.63,36,6,4.98,EG,1731182000
574,zeya,53.75,127.2667,-6.73,92,100,2.33,RU,1731182001
575,ola,59.5833,151.2833,-15.38,72,100,3.62,RU,1731182002
576,i-n-salah,27.1935,2.4607,23.96,22,44,2.65,DZ,1731182004
577,zuunmod,47.7069,106.9528,-13.43,45,0,0.91,MN,1731182005
578,lompoc,34.6391,-120.4579,23.07,27,0,2.06,US,1731182006
579,porto franco,-6.3383,-47.3992,36.36,33,92,2.33,BR,1731182007
580,hiratacho,35.4333,132.8167,8.98,87,96,4.63,JP,1731182008
581,vorkuta,67.5,64.0,-11.28,89,79,7.29,RU,1731182009
582,siwa oasis,29.2041,25.5195,20.73,40,29,3.02,EG,1731182010
583,ivdel',60.6911,60.4206,0.3,96,100,3.54,RU,1731182011
